<?xml version="1.0" encoding="UTF-8"?>
<metadata xml:lang="es"><Esri><CreaDate>20250304</CreaDate><CreaTime>14500200</CreaTime><ArcGISFormat>1.0</ArcGISFormat><SyncOnce>FALSE</SyncOnce><DataProperties><lineage><Process ToolSource="c:\program files\arcgis\pro\Resources\ArcToolbox\Toolboxes\Data Management Tools.tbx\CreateFeatureclass" Date="20240313" Time="105534">CreateFeatureclass D:\COMPARTIDO_BDG\CONEXIONES_BDGC\PostgreSQL\Edicion-server_EdicConc_Admon\edicion-server_BDDmgn@mgn.sde\mgn.mgn.mgn_administrativo mgn_adm_dpto_politico Polygon # No No "GEOGCS["GCS_MAGNA",DATUM["D_MAGNA",SPHEROID["GRS_1980",6378137.0,298.257222101]],PRIMEM["Greenwich",0.0],UNIT["Degree",0.0174532925199433]];-400 -400 1000000000;-100000 10000;-100000 10000;8.98315284119521E-09;0.001;0.001;IsHighPrecision" # # # # MGN_ADM_DPTO_POLITICO "Same as template"</Process><Process ToolSource="c:\program files\arcgis\pro\Resources\ArcToolbox\Toolboxes\Data Management Tools.tbx\AddGlobalIDs" Date="20240313" Time="105536">AddGlobalIDs D:\COMPARTIDO_BDG\CONEXIONES_BDGC\PostgreSQL\Edicion-server_EdicConc_Admon\edicion-server_BDDmgn@mgn.sde\mgn.mgn.mgn_administrativo\mgn_adm_dpto_politico</Process><Process ToolSource="c:\program files\arcgis\pro\Resources\ArcToolbox\Toolboxes\Data Management Tools.tbx\UpdateSchema" Date="20240313" Time="105538">UpdateSchema D:\COMPARTIDO_BDG\CONEXIONES_BDGC\PostgreSQL\Edicion-server_EdicConc_Admon\edicion-server_BDDmgn@mgn.sde\mgn.mgn.mgn_administrativo\mgn_adm_dpto_politico "&lt;operationSequence&gt;&lt;workflow&gt;&lt;AddField&gt;&lt;field_name&gt;dpto_ccdgo&lt;/field_name&gt;&lt;field_type&gt;TEXT&lt;/field_type&gt;&lt;field_alias&gt;Codigo departamento&lt;/field_alias&gt;&lt;field_is_nullable&gt;TRUE&lt;/field_is_nullable&gt;&lt;field_length&gt;2&lt;/field_length&gt;&lt;/AddField&gt;&lt;/workflow&gt;&lt;workflow&gt;&lt;AddField&gt;&lt;field_name&gt;dpto_cnmbre&lt;/field_name&gt;&lt;field_type&gt;TEXT&lt;/field_type&gt;&lt;field_alias&gt;Nombre departamento&lt;/field_alias&gt;&lt;field_is_nullable&gt;TRUE&lt;/field_is_nullable&gt;&lt;field_length&gt;250&lt;/field_length&gt;&lt;/AddField&gt;&lt;/workflow&gt;&lt;workflow&gt;&lt;AddField&gt;&lt;field_name&gt;dpto_ano_crcn&lt;/field_name&gt;&lt;field_type&gt;Short&lt;/field_type&gt;&lt;field_alias&gt;Año creacion&lt;/field_alias&gt;&lt;field_is_nullable&gt;TRUE&lt;/field_is_nullable&gt;&lt;field_length&gt;2&lt;/field_length&gt;&lt;/AddField&gt;&lt;/workflow&gt;&lt;workflow&gt;&lt;AddField&gt;&lt;field_name&gt;dpto_act_adm&lt;/field_name&gt;&lt;field_type&gt;TEXT&lt;/field_type&gt;&lt;field_alias&gt;Acto administrativo&lt;/field_alias&gt;&lt;field_is_nullable&gt;TRUE&lt;/field_is_nullable&gt;&lt;field_length&gt;100&lt;/field_length&gt;&lt;/AddField&gt;&lt;/workflow&gt;&lt;workflow&gt;&lt;AddField&gt;&lt;field_name&gt;dpto_narea&lt;/field_name&gt;&lt;field_type&gt;DOUBLE&lt;/field_type&gt;&lt;field_alias&gt;Area departamento (Km2)&lt;/field_alias&gt;&lt;field_is_nullable&gt;TRUE&lt;/field_is_nullable&gt;&lt;field_length&gt;8&lt;/field_length&gt;&lt;/AddField&gt;&lt;/workflow&gt;&lt;workflow&gt;&lt;AddField&gt;&lt;field_name&gt;dpto_nano&lt;/field_name&gt;&lt;field_type&gt;Short&lt;/field_type&gt;&lt;field_alias&gt;Año vigencia DANE&lt;/field_alias&gt;&lt;field_is_nullable&gt;TRUE&lt;/field_is_nullable&gt;&lt;field_length&gt;2&lt;/field_length&gt;&lt;/AddField&gt;&lt;/workflow&gt;&lt;workflow&gt;&lt;AddField&gt;&lt;field_name&gt;creado_por&lt;/field_name&gt;&lt;field_type&gt;TEXT&lt;/field_type&gt;&lt;field_alias&gt;creado_por&lt;/field_alias&gt;&lt;field_is_nullable&gt;FALSE&lt;/field_is_nullable&gt;&lt;field_length&gt;255&lt;/field_length&gt;&lt;/AddField&gt;&lt;/workflow&gt;&lt;workflow&gt;&lt;AddField&gt;&lt;field_name&gt;fecha_creacion&lt;/field_name&gt;&lt;field_type&gt;DATE&lt;/field_type&gt;&lt;field_alias&gt;fecha_creacion&lt;/field_alias&gt;&lt;field_is_nullable&gt;FALSE&lt;/field_is_nullable&gt;&lt;field_length&gt;8&lt;/field_length&gt;&lt;/AddField&gt;&lt;/workflow&gt;&lt;workflow&gt;&lt;AddField&gt;&lt;field_name&gt;modificado_por&lt;/field_name&gt;&lt;field_type&gt;TEXT&lt;/field_type&gt;&lt;field_alias&gt;modificado_por&lt;/field_alias&gt;&lt;field_is_nullable&gt;FALSE&lt;/field_is_nullable&gt;&lt;field_length&gt;255&lt;/field_length&gt;&lt;/AddField&gt;&lt;/workflow&gt;&lt;workflow&gt;&lt;AddField&gt;&lt;field_name&gt;fecha_modificacion&lt;/field_name&gt;&lt;field_type&gt;DATE&lt;/field_type&gt;&lt;field_alias&gt;fecha_modificacion&lt;/field_alias&gt;&lt;field_is_nullable&gt;FALSE&lt;/field_is_nullable&gt;&lt;field_length&gt;8&lt;/field_length&gt;&lt;/AddField&gt;&lt;/workflow&gt;&lt;/operationSequence&gt;"</Process><Process ToolSource="c:\program files\arcgis\pro\Resources\ArcToolbox\Toolboxes\Data Management Tools.tbx\UpdateSchema" Date="20240313" Time="105540">UpdateSchema D:\COMPARTIDO_BDG\CONEXIONES_BDGC\PostgreSQL\Edicion-server_EdicConc_Admon\edicion-server_BDDmgn@mgn.sde\mgn.mgn.mgn_administrativo\mgn_adm_dpto_politico &lt;operationSequence&gt;&lt;workflow&gt;&lt;AlterField&gt;&lt;field_name&gt;OBJECTID&lt;/field_name&gt;&lt;field_alias&gt;OBJECTID&lt;/field_alias&gt;&lt;/AlterField&gt;&lt;/workflow&gt;&lt;workflow&gt;&lt;AlterField&gt;&lt;field_name&gt;SHAPE&lt;/field_name&gt;&lt;field_alias&gt;SHAPE&lt;/field_alias&gt;&lt;/AlterField&gt;&lt;/workflow&gt;&lt;/operationSequence&gt;</Process><Process ToolSource="c:\program files\arcgis\pro\Resources\ArcToolbox\Toolboxes\Data Management Tools.tbx\UpdateSchema" Date="20240313" Time="110053">UpdateSchema D:\COMPARTIDO_BDG\CONEXIONES_BDGC\PostgreSQL\Edicion-server_EdicConc_Admon\edicion-server_BDDmgn@mgn.sde\mgn.mgn.mgn_administrativo\mgn.mgn.mgn_adm_dpto_politico "&lt;operationSequence&gt;&lt;workflow&gt;&lt;AddAttributeRule&gt;&lt;rule_name&gt;Val Nomb Dpto&lt;/rule_name&gt;&lt;rule_type&gt;CONSTRAINT&lt;/rule_type&gt;&lt;expression&gt;var cod = Trim($feature.dpto_cnmbre)
var largo = Count(Text(cod))
if (cod == "")
   return false
else if (cod == " ")
   return false
else if (cod == "0")
   return false
else
   return true&lt;/expression&gt;&lt;is_editable&gt;True&lt;/is_editable&gt;&lt;triggering_events_insert&gt;False&lt;/triggering_events_insert&gt;&lt;triggering_events_delete&gt;False&lt;/triggering_events_delete&gt;&lt;triggering_events_update&gt;True&lt;/triggering_events_update&gt;&lt;error_number&gt;102&lt;/error_number&gt;&lt;error_message&gt;El valor esperado para este campo no puede estar vacio o en cero&lt;/error_message&gt;&lt;rule_description&gt;Validación de nombre de Dpto&lt;/rule_description&gt;&lt;exclude_from_client_eval&gt;False&lt;/exclude_from_client_eval&gt;&lt;batch&gt;False&lt;/batch&gt;&lt;severity&gt;-1&lt;/severity&gt;&lt;tags&gt;dpto_cnmbre;nombre de Dpto;Validación&lt;/tags&gt;&lt;category&gt;0&lt;/category&gt;&lt;/AddAttributeRule&gt;&lt;/workflow&gt;&lt;workflow&gt;&lt;AddAttributeRule&gt;&lt;rule_name&gt;Val año creacion&lt;/rule_name&gt;&lt;rule_type&gt;CONSTRAINT&lt;/rule_type&gt;&lt;expression&gt;$feature.dpto_ano_crcn &amp;gt;= 0 &amp;amp;&amp;amp; $feature.dpto_ano_crcn &amp;lt; 3000&lt;/expression&gt;&lt;is_editable&gt;True&lt;/is_editable&gt;&lt;triggering_events_insert&gt;False&lt;/triggering_events_insert&gt;&lt;triggering_events_delete&gt;False&lt;/triggering_events_delete&gt;&lt;triggering_events_update&gt;True&lt;/triggering_events_update&gt;&lt;error_number&gt;103&lt;/error_number&gt;&lt;error_message&gt;El año de creación debe ser superior o igual a 0 y menor 3000&lt;/error_message&gt;&lt;rule_description&gt;Validación de Año de creación de Dpto&lt;/rule_description&gt;&lt;exclude_from_client_eval&gt;False&lt;/exclude_from_client_eval&gt;&lt;batch&gt;False&lt;/batch&gt;&lt;severity&gt;-1&lt;/severity&gt;&lt;tags&gt;dpto_ano_crcn;Año de creación de Dpto;Validación&lt;/tags&gt;&lt;category&gt;0&lt;/category&gt;&lt;/AddAttributeRule&gt;&lt;/workflow&gt;&lt;workflow&gt;&lt;AddAttributeRule&gt;&lt;rule_name&gt;Val acto admin&lt;/rule_name&gt;&lt;rule_type&gt;CONSTRAINT&lt;/rule_type&gt;&lt;expression&gt;var cod = Trim($feature.dpto_act_adm)
var largo = Count(Text(cod))
if (cod == "")
   return false
else if (cod == " ")
   return false
else if (cod == "0")
   return false
else
   return true&lt;/expression&gt;&lt;is_editable&gt;True&lt;/is_editable&gt;&lt;triggering_events_insert&gt;False&lt;/triggering_events_insert&gt;&lt;triggering_events_delete&gt;False&lt;/triggering_events_delete&gt;&lt;triggering_events_update&gt;True&lt;/triggering_events_update&gt;&lt;error_number&gt;104&lt;/error_number&gt;&lt;error_message&gt;El valor esperado para este campo no puede estar vacio o en cero&lt;/error_message&gt;&lt;rule_description&gt;Validación de acto administrativo&lt;/rule_description&gt;&lt;exclude_from_client_eval&gt;False&lt;/exclude_from_client_eval&gt;&lt;batch&gt;False&lt;/batch&gt;&lt;severity&gt;-1&lt;/severity&gt;&lt;tags&gt;dpto_act_adm;acto administrativo;Validación&lt;/tags&gt;&lt;category&gt;0&lt;/category&gt;&lt;/AddAttributeRule&gt;&lt;/workflow&gt;&lt;workflow&gt;&lt;AddAttributeRule&gt;&lt;rule_name&gt;Val Area Dpto&lt;/rule_name&gt;&lt;rule_type&gt;CONSTRAINT&lt;/rule_type&gt;&lt;expression&gt;$feature.dpto_narea &amp;gt; 0&lt;/expression&gt;&lt;is_editable&gt;True&lt;/is_editable&gt;&lt;triggering_events_insert&gt;False&lt;/triggering_events_insert&gt;&lt;triggering_events_delete&gt;False&lt;/triggering_events_delete&gt;&lt;triggering_events_update&gt;True&lt;/triggering_events_update&gt;&lt;error_number&gt;105&lt;/error_number&gt;&lt;error_message&gt;El área de departamento debe ser mayor a cero&lt;/error_message&gt;&lt;rule_description&gt;Validación de Area de Departamento&lt;/rule_description&gt;&lt;exclude_from_client_eval&gt;False&lt;/exclude_from_client_eval&gt;&lt;batch&gt;False&lt;/batch&gt;&lt;severity&gt;-1&lt;/severity&gt;&lt;tags&gt;dpto_narea;Area de Departamento;Validación&lt;/tags&gt;&lt;category&gt;0&lt;/category&gt;&lt;/AddAttributeRule&gt;&lt;/workflow&gt;&lt;workflow&gt;&lt;AddAttributeRule&gt;&lt;rule_name&gt;Val Año&lt;/rule_name&gt;&lt;rule_type&gt;CONSTRAINT&lt;/rule_type&gt;&lt;expression&gt;$feature.dpto_nano &amp;gt;= 0 &amp;amp;&amp;amp; $feature.dpto_nano &amp;lt; 3000&lt;/expression&gt;&lt;is_editable&gt;True&lt;/is_editable&gt;&lt;triggering_events_insert&gt;False&lt;/triggering_events_insert&gt;&lt;triggering_events_delete&gt;False&lt;/triggering_events_delete&gt;&lt;triggering_events_update&gt;True&lt;/triggering_events_update&gt;&lt;error_number&gt;106&lt;/error_number&gt;&lt;error_message&gt;El año de vigencia debe ser superior o igual a 0 y menor 3000&lt;/error_message&gt;&lt;rule_description&gt;Validación de Año de vigencia de Departamento&lt;/rule_description&gt;&lt;exclude_from_client_eval&gt;False&lt;/exclude_from_client_eval&gt;&lt;batch&gt;False&lt;/batch&gt;&lt;severity&gt;-1&lt;/severity&gt;&lt;tags&gt;dpto_nano;Año de vigencia de Departamento;Validación&lt;/tags&gt;&lt;category&gt;0&lt;/category&gt;&lt;/AddAttributeRule&gt;&lt;/workflow&gt;&lt;workflow&gt;&lt;AddAttributeRule&gt;&lt;rule_name&gt;Val Cod Dpto&lt;/rule_name&gt;&lt;rule_type&gt;CONSTRAINT&lt;/rule_type&gt;&lt;expression&gt;var cod = Trim($feature.dpto_ccdgo)
var largo = Count(Text(cod))
if (cod == "00")
   return false
else if (cod == "")
   return false
else if (cod == " ")
   return false
else if (isnan(cod) == -1)
   return false
else 
   if (largo == 2)
      return true
   else
      return false&lt;/expression&gt;&lt;is_editable&gt;True&lt;/is_editable&gt;&lt;triggering_events_insert&gt;False&lt;/triggering_events_insert&gt;&lt;triggering_events_delete&gt;False&lt;/triggering_events_delete&gt;&lt;triggering_events_update&gt;True&lt;/triggering_events_update&gt;&lt;error_number&gt;101&lt;/error_number&gt;&lt;error_message&gt;El valor esperado para este campo no cumple las condiciones de longitud y estructura.&lt;/error_message&gt;&lt;rule_description&gt;Validación de código de Dpto&lt;/rule_description&gt;&lt;exclude_from_client_eval&gt;False&lt;/exclude_from_client_eval&gt;&lt;batch&gt;False&lt;/batch&gt;&lt;severity&gt;-1&lt;/severity&gt;&lt;tags&gt;dpto_ccdgo;código de Dpto&lt;/tags&gt;&lt;category&gt;0&lt;/category&gt;&lt;/AddAttributeRule&gt;&lt;/workflow&gt;&lt;/operationSequence&gt;"</Process><Process ToolSource="c:\program files\arcgis\pro\Resources\ArcToolbox\Toolboxes\Data Management Tools.tbx\UpdateSchema" Date="20240313" Time="110312">UpdateSchema "CIMDATA=&lt;CIMFeatureDatasetDataConnection xsi:type='typens:CIMFeatureDatasetDataConnection' xmlns:xsi='http://www.w3.org/2001/XMLSchema-instance' xmlns:xs='http://www.w3.org/2001/XMLSchema' xmlns:typens='http://www.esri.com/schemas/ArcGIS/3.2.0'&gt;&lt;FeatureDataset&gt;mgn.mgn.mgn_administrativo&lt;/FeatureDataset&gt;&lt;WorkspaceConnectionString&gt;ENCRYPTED_PASSWORD_UTF8=00022e687a56336967423946717677524147587168766f74336d4f775a31316c504c7a5343747a63553875376e76633d2a00;ENCRYPTED_PASSWORD=00022e686a305665714d6b4654776c44386b6c6d745a662b2f773d3d2a00;SERVER=edicion-server;INSTANCE=sde:postgresql:edicion-server;DBCLIENT=postgresql;DB_CONNECTION_PROPERTIES=edicion-server;DATABASE=mgn;USER=mgn;VERSION=sde.DEFAULT;AUTHENTICATION_MODE=DBMS&lt;/WorkspaceConnectionString&gt;&lt;WorkspaceFactory&gt;SDE&lt;/WorkspaceFactory&gt;&lt;Dataset&gt;mgn.mgn.mgn_adm_dpto_politico&lt;/Dataset&gt;&lt;DatasetType&gt;esriDTFeatureClass&lt;/DatasetType&gt;&lt;/CIMFeatureDatasetDataConnection&gt;" &lt;operationSequence&gt;&lt;workflow&gt;&lt;EnableEditorTracking&gt;&lt;creator_field&gt;creado_por&lt;/creator_field&gt;&lt;creation_date_field&gt;fecha_creacion&lt;/creation_date_field&gt;&lt;last_editor_field&gt;modificado_por&lt;/last_editor_field&gt;&lt;last_edit_date_field&gt;fecha_modificacion&lt;/last_edit_date_field&gt;&lt;add_fields&gt;TRUE&lt;/add_fields&gt;&lt;record_dates_in&gt;DATABASE_TIME&lt;/record_dates_in&gt;&lt;/EnableEditorTracking&gt;&lt;/workflow&gt;&lt;/operationSequence&gt;</Process><Process ToolSource="c:\program files\arcgis\pro\Resources\ArcToolbox\toolboxes\Data Management Tools.tbx\Append" Date="20240313" Time="110609">Append D:\BACKUPS_DBGEODIG\CopiasDeSeguridad\MGN\Vig2023\mgn_2023.gdb\mgn_administrativo\mgn_adm_dpto_politico D:\COMPARTIDO_BDG\CONEXIONES_BDGC\PostgreSQL\Edicion-server_EdicConc_Admon\edicion-server_BDDmgn@mgn.sde\mgn.mgn.mgn_administrativo\mgn.mgn.mgn_adm_dpto_politico "Use the field map to reconcile field differences" "globalid "globalid" false false true 38 GlobalID 0 0,First,#,D:\BACKUPS_DBGEODIG\CopiasDeSeguridad\MGN\Vig2023\mgn_2023.gdb\mgn_administrativo\mgn_adm_dpto_politico,globalid,-1,-1;dpto_ccdgo "Codigo departamento" true true false 2 Text 0 0,First,#,D:\BACKUPS_DBGEODIG\CopiasDeSeguridad\MGN\Vig2023\mgn_2023.gdb\mgn_administrativo\mgn_adm_dpto_politico,dpto_ccdgo,0,1;dpto_cnmbre "Nombre departamento" true true false 250 Text 0 0,First,#,D:\BACKUPS_DBGEODIG\CopiasDeSeguridad\MGN\Vig2023\mgn_2023.gdb\mgn_administrativo\mgn_adm_dpto_politico,dpto_cnmbre,0,249;dpto_ano_crcn "Año creacion" true true false 2 Short 0 5,First,#,D:\BACKUPS_DBGEODIG\CopiasDeSeguridad\MGN\Vig2023\mgn_2023.gdb\mgn_administrativo\mgn_adm_dpto_politico,dpto_ano_crcn,-1,-1;dpto_act_adm "Acto administrativo" true true false 100 Text 0 0,First,#,D:\BACKUPS_DBGEODIG\CopiasDeSeguridad\MGN\Vig2023\mgn_2023.gdb\mgn_administrativo\mgn_adm_dpto_politico,dpto_act_adm,0,99;dpto_narea "Area departamento (Km2)" true true false 8 Double 8 38,First,#,D:\BACKUPS_DBGEODIG\CopiasDeSeguridad\MGN\Vig2023\mgn_2023.gdb\mgn_administrativo\mgn_adm_dpto_politico,dpto_narea,-1,-1;dpto_nano "Año vigencia DANE" true true false 2 Short 0 5,First,#,D:\BACKUPS_DBGEODIG\CopiasDeSeguridad\MGN\Vig2023\mgn_2023.gdb\mgn_administrativo\mgn_adm_dpto_politico,dpto_nano,-1,-1" # # # NOT_UPDATE_GEOMETRY</Process><Process ToolSource="c:\program files\arcgis\pro\Resources\ArcToolbox\toolboxes\Data Management Tools.tbx\UpdateSchema" Date="20240313" Time="115403">UpdateSchema "CIMDATA=&lt;CIMFeatureDatasetDataConnection xsi:type='typens:CIMFeatureDatasetDataConnection' xmlns:xsi='http://www.w3.org/2001/XMLSchema-instance' xmlns:xs='http://www.w3.org/2001/XMLSchema' xmlns:typens='http://www.esri.com/schemas/ArcGIS/3.2.0'&gt;&lt;FeatureDataset&gt;mgn.mgn.mgn_administrativo&lt;/FeatureDataset&gt;&lt;WorkspaceConnectionString&gt;ENCRYPTED_PASSWORD_UTF8=00022e686c412b56316547314c4f4a34594d797441556d35666d6a6370474d5a7178584c39575532394c636d2b54633d2a00;ENCRYPTED_PASSWORD=00022e68532b7a587a316347432b4732634354465564456730773d3d2a00;SERVER=edicion-server;INSTANCE=sde:postgresql:edicion-server;DBCLIENT=postgresql;DB_CONNECTION_PROPERTIES=edicion-server;DATABASE=mgn;USER=mgn;VERSION=sde.DEFAULT;AUTHENTICATION_MODE=DBMS&lt;/WorkspaceConnectionString&gt;&lt;WorkspaceFactory&gt;SDE&lt;/WorkspaceFactory&gt;&lt;Dataset&gt;mgn.mgn.mgn_adm_dpto_politico&lt;/Dataset&gt;&lt;DatasetType&gt;esriDTFeatureClass&lt;/DatasetType&gt;&lt;/CIMFeatureDatasetDataConnection&gt;" &lt;operationSequence&gt;&lt;workflow&gt;&lt;EnableEditorTracking&gt;&lt;creator_field&gt;creado_por&lt;/creator_field&gt;&lt;creation_date_field&gt;fecha_creacion&lt;/creation_date_field&gt;&lt;last_editor_field&gt;modificado_por&lt;/last_editor_field&gt;&lt;last_edit_date_field&gt;fecha_modificacion&lt;/last_edit_date_field&gt;&lt;add_fields&gt;TRUE&lt;/add_fields&gt;&lt;record_dates_in&gt;DATABASE_TIME&lt;/record_dates_in&gt;&lt;/EnableEditorTracking&gt;&lt;/workflow&gt;&lt;/operationSequence&gt;</Process><Process ToolSource="c:\program files\arcgis\pro\Resources\ArcToolbox\toolboxes\Data Management Tools.tbx\Append" Date="20241212" Time="153023">Append E:\JEZORAH\ACTIVIDADES\BDG_MGN\VIGENCIA_2024\ESTRUCTURACION_2024\BDG_MGN_RURAL_2024.gdb\mgn_administrativo\mgn_adm_dpto_politico E:\JEZORAH\ACTIVIDADES\BDG_MGN\VIGENCIA_2024\ESTRUCTURACION_2024\BDG_MGN_2024.gdb\mgn_administrativo\mgn_adm_dpto_politico "Use the field map to reconcile field differences" "globalid "globalid" false false true 38 GlobalID 0 0,First,#,E:\JEZORAH\ACTIVIDADES\BDG_MGN\VIGENCIA_2024\ESTRUCTURACION_2024\BDG_MGN_RURAL_2024.gdb\mgn_administrativo\mgn_adm_dpto_politico,globalid,-1,-1;dpto_ccdgo "Codigo departamento" true true false 2 Text 0 0,First,#,E:\JEZORAH\ACTIVIDADES\BDG_MGN\VIGENCIA_2024\ESTRUCTURACION_2024\BDG_MGN_RURAL_2024.gdb\mgn_administrativo\mgn_adm_dpto_politico,dpto_ccdgo,0,1;dpto_cnmbre "Nombre departamento" true true false 250 Text 0 0,First,#,E:\JEZORAH\ACTIVIDADES\BDG_MGN\VIGENCIA_2024\ESTRUCTURACION_2024\BDG_MGN_RURAL_2024.gdb\mgn_administrativo\mgn_adm_dpto_politico,dpto_cnmbre,0,249;dpto_ano_crcn "Año creacion" true true false 2 Short 0 0,First,#,E:\JEZORAH\ACTIVIDADES\BDG_MGN\VIGENCIA_2024\ESTRUCTURACION_2024\BDG_MGN_RURAL_2024.gdb\mgn_administrativo\mgn_adm_dpto_politico,dpto_ano_crcn,-1,-1;dpto_act_adm "Acto administrativo" true true false 100 Text 0 0,First,#,E:\JEZORAH\ACTIVIDADES\BDG_MGN\VIGENCIA_2024\ESTRUCTURACION_2024\BDG_MGN_RURAL_2024.gdb\mgn_administrativo\mgn_adm_dpto_politico,dpto_act_adm,0,99;dpto_narea "Area departamento (Km2)" true true false 8 Double 0 0,First,#,E:\JEZORAH\ACTIVIDADES\BDG_MGN\VIGENCIA_2024\ESTRUCTURACION_2024\BDG_MGN_RURAL_2024.gdb\mgn_administrativo\mgn_adm_dpto_politico,dpto_narea,-1,-1;dpto_nano "Año vigencia DANE" true true false 2 Short 0 0,First,#,E:\JEZORAH\ACTIVIDADES\BDG_MGN\VIGENCIA_2024\ESTRUCTURACION_2024\BDG_MGN_RURAL_2024.gdb\mgn_administrativo\mgn_adm_dpto_politico,dpto_nano,-1,-1;creado_por "creado_por" true false false 255 Text 0 0,First,#,E:\JEZORAH\ACTIVIDADES\BDG_MGN\VIGENCIA_2024\ESTRUCTURACION_2024\BDG_MGN_RURAL_2024.gdb\mgn_administrativo\mgn_adm_dpto_politico,creado_por,0,254;fecha_creacion "fecha_creacion" true false false 8 Date 0 0,First,#,E:\JEZORAH\ACTIVIDADES\BDG_MGN\VIGENCIA_2024\ESTRUCTURACION_2024\BDG_MGN_RURAL_2024.gdb\mgn_administrativo\mgn_adm_dpto_politico,fecha_creacion,-1,-1;modificado_por "modificado_por" true false false 255 Text 0 0,First,#,E:\JEZORAH\ACTIVIDADES\BDG_MGN\VIGENCIA_2024\ESTRUCTURACION_2024\BDG_MGN_RURAL_2024.gdb\mgn_administrativo\mgn_adm_dpto_politico,modificado_por,0,254;fecha_modificacion "fecha_modificacion" true false false 8 Date 0 0,First,#,E:\JEZORAH\ACTIVIDADES\BDG_MGN\VIGENCIA_2024\ESTRUCTURACION_2024\BDG_MGN_RURAL_2024.gdb\mgn_administrativo\mgn_adm_dpto_politico,fecha_modificacion,-1,-1" # # # NOT_UPDATE_GEOMETRY</Process><Process ToolSource="c:\program files\arcgis\pro\Resources\ArcToolbox\toolboxes\Conversion Tools.tbx\ExportFeatures" Date="20250226" Time="203906">ExportFeatures MGN_2024\MGN_ADM_DPTO_POLITICO E:\JEZORAH\ACTIVIDADES\BDG_MGN\VIGENCIA_2024\MGN_ADM_DPTO_POLITICO.shp # NOT_USE_ALIAS "dpto_ccdgo "Codigo departamento" true true false 2 Text 0 0,First,#,MGN_2024\MGN_ADM_DPTO_POLITICO,dpto_ccdgo,0,1;dpto_cnmbre "Nombre departamento" true true false 250 Text 0 0,First,#,MGN_2024\MGN_ADM_DPTO_POLITICO,dpto_cnmbre,0,249;dpto_ano_crcn "Año creacion" true true false 2 Short 0 0,First,#,MGN_2024\MGN_ADM_DPTO_POLITICO,dpto_ano_crcn,-1,-1;dpto_act_adm "Acto administrativo" true true false 100 Text 0 0,First,#,MGN_2024\MGN_ADM_DPTO_POLITICO,dpto_act_adm,0,99;dpto_narea "Area departamento (Km2)" true true false 8 Double 0 0,First,#,MGN_2024\MGN_ADM_DPTO_POLITICO,dpto_narea,-1,-1;dpto_nano "Año vigencia DANE" true true false 2 Short 0 0,First,#,MGN_2024\MGN_ADM_DPTO_POLITICO,dpto_nano,-1,-1;shape_Length "shape_Length" false true true 8 Double 0 0,First,#,MGN_2024\MGN_ADM_DPTO_POLITICO,shape_Length,-1,-1;shape_Area "shape_Area" false true true 8 Double 0 0,First,#,MGN_2024\MGN_ADM_DPTO_POLITICO,shape_Area,-1,-1" #</Process><Process ToolSource="c:\program files\arcgis\pro\Resources\ArcToolbox\toolboxes\Data Management Tools.tbx\Project" Date="20250304" Time="145002">Project MGN_ADM_DPTO_POLITICO E:\JEZORAH\ACTIVIDADES\BDG_MGN\VIGENCIA_2024\MGN_ADM_DPTO_POLITICO.shp GEOGCS["GCS_WGS_1984",DATUM["D_WGS_1984",SPHEROID["WGS_1984",6378137.0,298.257223563]],PRIMEM["Greenwich",0.0],UNIT["Degree",0.0174532925199433]] MAGNA_To_WGS_1984_1 GEOGCS["GCS_MAGNA",DATUM["D_MAGNA",SPHEROID["GRS_1980",6378137.0,298.257222101]],PRIMEM["Greenwich",0.0],UNIT["Degree",0.0174532925199433]] NO_PRESERVE_SHAPE # NO_VERTICAL</Process></lineage><itemProps><itemName Sync="TRUE">MGN_ADM_DPTO_POLITICO</itemName><imsContentType Sync="TRUE">002</imsContentType><itemSize Sync="TRUE">0.000</itemSize><itemLocation><linkage Sync="TRUE">file://\\DIG-W-007\E\JEZORAH\ACTIVIDADES\BDG_MGN\VIGENCIA_2024\MGN_ADM_DPTO_POLITICO.shp</linkage><protocol Sync="TRUE">Local Area Network</protocol></itemLocation></itemProps><coordRef><type Sync="TRUE">Geographic</type><geogcsn Sync="TRUE">GCS_MAGNA</geogcsn><csUnits Sync="TRUE">Angular Unit: Degree (0.017453)</csUnits><peXml Sync="TRUE">&lt;GeographicCoordinateSystem xsi:type='typens:GeographicCoordinateSystem' xmlns:xsi='http://www.w3.org/2001/XMLSchema-instance' xmlns:xs='http://www.w3.org/2001/XMLSchema' xmlns:typens='http://www.esri.com/schemas/ArcGIS/3.2.0'&gt;&lt;WKT&gt;GEOGCS[&amp;quot;GCS_MAGNA&amp;quot;,DATUM[&amp;quot;D_MAGNA&amp;quot;,SPHEROID[&amp;quot;GRS_1980&amp;quot;,6378137.0,298.257222101]],PRIMEM[&amp;quot;Greenwich&amp;quot;,0.0],UNIT[&amp;quot;Degree&amp;quot;,0.0174532925199433],AUTHORITY[&amp;quot;EPSG&amp;quot;,4686]]&lt;/WKT&gt;&lt;XOrigin&gt;-400&lt;/XOrigin&gt;&lt;YOrigin&gt;-400&lt;/YOrigin&gt;&lt;XYScale&gt;11258999068426.238&lt;/XYScale&gt;&lt;ZOrigin&gt;-100000&lt;/ZOrigin&gt;&lt;ZScale&gt;10000&lt;/ZScale&gt;&lt;MOrigin&gt;-100000&lt;/MOrigin&gt;&lt;MScale&gt;10000&lt;/MScale&gt;&lt;XYTolerance&gt;8.983152841195215e-09&lt;/XYTolerance&gt;&lt;ZTolerance&gt;0.001&lt;/ZTolerance&gt;&lt;MTolerance&gt;0.001&lt;/MTolerance&gt;&lt;HighPrecision&gt;true&lt;/HighPrecision&gt;&lt;LeftLongitude&gt;-180&lt;/LeftLongitude&gt;&lt;WKID&gt;4686&lt;/WKID&gt;&lt;LatestWKID&gt;4686&lt;/LatestWKID&gt;&lt;/GeographicCoordinateSystem&gt;</peXml></coordRef></DataProperties><SyncDate>20250226</SyncDate><SyncTime>20390600</SyncTime><ModDate>20250226</ModDate><ModTime>20390600</ModTime></Esri><dataIdInfo><envirDesc Sync="TRUE">Microsoft Windows 10 Version 10.0 (Build 19045) ; Esri ArcGIS 13.2.2.49743</envirDesc><dataLang><languageCode value="spa" Sync="TRUE"></languageCode><countryCode value="COL" Sync="TRUE"></countryCode></dataLang><idCitation><resTitle Sync="TRUE">MGN_ADM_DPTO_POLITICO</resTitle><presForm><PresFormCd value="005" Sync="TRUE"></PresFormCd></presForm></idCitation><spatRpType><SpatRepTypCd value="001" Sync="TRUE"></SpatRepTypCd></spatRpType></dataIdInfo><mdLang><languageCode value="spa" Sync="TRUE"></languageCode><countryCode value="COL" Sync="TRUE"></countryCode></mdLang><distInfo><distFormat><formatName Sync="TRUE">Shapefile</formatName></distFormat><distTranOps><transSize Sync="TRUE">0.000</transSize></distTranOps></distInfo><mdHrLv><ScopeCd value="005" Sync="TRUE"></ScopeCd></mdHrLv><mdHrLvName Sync="TRUE">dataset</mdHrLvName><refSysInfo><RefSystem><refSysID><identCode code="4686" Sync="TRUE"></identCode><idCodeSpace Sync="TRUE">EPSG</idCodeSpace><idVersion Sync="TRUE">6.14(9.2.0)</idVersion></refSysID></RefSystem></refSysInfo><spatRepInfo><VectSpatRep><geometObjs Name="MGN_ADM_DPTO_POLITICO"><geoObjTyp><GeoObjTypCd value="002" Sync="TRUE"></GeoObjTypCd></geoObjTyp><geoObjCnt Sync="TRUE">0</geoObjCnt></geometObjs><topLvl><TopoLevCd value="001" Sync="TRUE"></TopoLevCd></topLvl></VectSpatRep></spatRepInfo><spdoinfo><ptvctinf><esriterm Name="MGN_ADM_DPTO_POLITICO"><efeatyp Sync="TRUE">Simple</efeatyp><efeageom code="4" Sync="TRUE"></efeageom><esritopo Sync="TRUE">FALSE</esritopo><efeacnt Sync="TRUE">0</efeacnt><spindex Sync="TRUE">FALSE</spindex><linrefer Sync="TRUE">FALSE</linrefer></esriterm></ptvctinf></spdoinfo><eainfo><detailed Name="MGN_ADM_DPTO_POLITICO"><enttyp><enttypl Sync="TRUE">MGN_ADM_DPTO_POLITICO</enttypl><enttypt Sync="TRUE">Feature Class</enttypt><enttypc Sync="TRUE">0</enttypc></enttyp><attr><attrlabl Sync="TRUE">FID</attrlabl><attalias Sync="TRUE">FID</attalias><attrtype Sync="TRUE">OID</attrtype><attwidth Sync="TRUE">4</attwidth><atprecis Sync="TRUE">0</atprecis><attscale Sync="TRUE">0</attscale><attrdef Sync="TRUE">Internal feature number.</attrdef><attrdefs Sync="TRUE">Esri</attrdefs><attrdomv><udom Sync="TRUE">Sequential unique whole numbers that are automatically generated.</udom></attrdomv></attr><attr><attrlabl Sync="TRUE">Shape</attrlabl><attalias Sync="TRUE">Shape</attalias><attrtype Sync="TRUE">Geometry</attrtype><attwidth Sync="TRUE">0</attwidth><atprecis Sync="TRUE">0</atprecis><attscale Sync="TRUE">0</attscale><attrdef Sync="TRUE">Feature geometry.</attrdef><attrdefs Sync="TRUE">Esri</attrdefs><attrdomv><udom Sync="TRUE">Coordinates defining the features.</udom></attrdomv></attr><attr><attrlabl Sync="TRUE">dpto_ccdgo</attrlabl><attalias Sync="TRUE">dpto_ccdgo</attalias><attrtype Sync="TRUE">String</attrtype><attwidth Sync="TRUE">2</attwidth><atprecis Sync="TRUE">0</atprecis><attscale Sync="TRUE">0</attscale></attr><attr><attrlabl Sync="TRUE">dpto_cnmbr</attrlabl><attalias Sync="TRUE">dpto_cnmbr</attalias><attrtype Sync="TRUE">String</attrtype><attwidth Sync="TRUE">250</attwidth><atprecis Sync="TRUE">0</atprecis><attscale Sync="TRUE">0</attscale></attr><attr><attrlabl Sync="TRUE">dpto_ano_c</attrlabl><attalias Sync="TRUE">dpto_ano_c</attalias><attrtype Sync="TRUE">Integer</attrtype><attwidth Sync="TRUE">5</attwidth><atprecis Sync="TRUE">5</atprecis><attscale Sync="TRUE">0</attscale></attr><attr><attrlabl Sync="TRUE">dpto_act_a</attrlabl><attalias Sync="TRUE">dpto_act_a</attalias><attrtype Sync="TRUE">String</attrtype><attwidth Sync="TRUE">100</attwidth><atprecis Sync="TRUE">0</atprecis><attscale Sync="TRUE">0</attscale></attr><attr><attrlabl Sync="TRUE">dpto_narea</attrlabl><attalias Sync="TRUE">dpto_narea</attalias><attrtype Sync="TRUE">Double</attrtype><attwidth Sync="TRUE">19</attwidth><atprecis Sync="TRUE">0</atprecis><attscale Sync="TRUE">0</attscale></attr><attr><attrlabl Sync="TRUE">dpto_nano</attrlabl><attalias Sync="TRUE">dpto_nano</attalias><attrtype Sync="TRUE">Integer</attrtype><attwidth Sync="TRUE">5</attwidth><atprecis Sync="TRUE">5</atprecis><attscale Sync="TRUE">0</attscale></attr><attr><attrlabl Sync="TRUE">shape_Leng</attrlabl><attalias Sync="TRUE">shape_Leng</attalias><attrtype Sync="TRUE">Double</attrtype><attwidth Sync="TRUE">19</attwidth><atprecis Sync="TRUE">0</atprecis><attscale Sync="TRUE">0</attscale></attr><attr><attrlabl Sync="TRUE">shape_Area</attrlabl><attalias Sync="TRUE">shape_Area</attalias><attrtype Sync="TRUE">Double</attrtype><attwidth Sync="TRUE">19</attwidth><atprecis Sync="TRUE">0</atprecis><attscale Sync="TRUE">0</attscale><attrdef Sync="TRUE">Area of feature in internal units squared.</attrdef><attrdefs Sync="TRUE">Esri</attrdefs><attrdomv><udom Sync="TRUE">Positive real numbers that are automatically generated.</udom></attrdomv></attr></detailed></eainfo><mdDateSt Sync="TRUE">20250226</mdDateSt></metadata>
